{"cameraMode":{"drawMode":0,"name":"Shaded","section":"Shading Mode"},"sceneLighting":true,"audioPlay":false,"sceneViewState":{"m_AlwaysRefresh":false,"showFog":true,"showSkybox":false,"showFlares":true,"showImageEffects":true,"showParticleSystems":true,"showVisualEffectGraphs":true,"m_FxEnabled":true},"in2DMode":false,"pivot":{"x":-0.9000000953674316,"y":2.4819998741149904,"z":-2.4170002937316896},"rotation":{"x":-0.025099456310272218,"y":0.9604510068893433,"z":-0.261484295129776,"w":-0.09219799190759659},"size":3.8620338439941408,"orthographic":false}