{"cameraMode":{"drawMode":0,"name":"Shaded","section":"Shading Mode"},"sceneLighting":false,"audioPlay":false,"sceneViewState":{"m_AlwaysRefresh":false,"showFog":false,"showSkybox":false,"showFlares":false,"showImageEffects":false,"showParticleSystems":false,"showVisualEffectGraphs":true,"m_FxEnabled":true},"in2DMode":false,"pivot":{"x":0.1901017129421234,"y":-0.2521743178367615,"z":-1.6054966449737549},"rotation":{"x":-0.0009732063626870513,"y":0.9834300875663757,"z":-0.1810981035232544,"w":-0.005311633925884962},"size":1.4508380889892579,"orthographic":false}