{"cameraMode":{"drawMode":0,"name":"Shaded","section":"Shading Mode"},"sceneLighting":false,"audioPlay":false,"sceneViewState":{"m_AlwaysRefresh":false,"showFog":true,"showSkybox":false,"showFlares":true,"showImageEffects":true,"showParticleSystems":true,"showVisualEffectGraphs":true,"m_FxEnabled":true},"in2DMode":false,"pivot":{"x":0.024500012397766115,"y":1.2149999141693116,"z":-0.08999985456466675},"rotation":{"x":0.2468344271183014,"y":0.6595209240913391,"z":-0.244190976023674,"w":0.6666828989982605},"size":1.143573522567749,"orthographic":false}