{"cameraMode":{"drawMode":0,"name":"Shaded","section":"Shading Mode"},"sceneLighting":false,"audioPlay":false,"sceneViewState":{"m_AlwaysRefresh":false,"showFog":false,"showSkybox":false,"showFlares":false,"showImageEffects":false,"showParticleSystems":false,"showVisualEffectGraphs":true,"m_FxEnabled":true},"in2DMode":false,"pivot":{"x":-0.06128913164138794,"y":-2.7532012462615969,"z":-6.533418655395508},"rotation":{"x":0.0009576486772857606,"y":-0.9630340933799744,"z":0.26934006810188296,"w":0.0034624054096639158},"size":4.65982723236084,"orthographic":false}